Unnamed: 0,latitude,longitude,address
0,25.1799306,121.423323,新北市淡水區淡海路44號1F (滬尾豆花)
1,25.0111973,121.5174996,新北市永和區國光路123號12樓
2,25.0111973,121.5174996,新北市永和區國光路123號12樓
3,24.9594429,121.5082625,新北市新店區安德街156號1樓(18點前都有人)新店央廚
4,25.0213291,121.5305189,臺北市大安區辛亥路一段79號
5,25.0262768,121.5472881,臺北市大安區四維路208巷14號
6,25.1296347,121.7472258,基隆市信義區信一路141巷7號1樓
7,25.0021461,121.4180171,新北市樹林區武林街9-6號
8,24.9747217,121.4364347,新北市土城區亞洲路20號
9,25.0689908,121.4542115,新北市五股區五權路54號(收籃到此收-3-4點回頭車收)
10,24.9802726,121.5490428,新北市新店區寶中路103號
11,25.0717236,121.5764629,臺北市內湖區瑞湖街111號1樓
12,25.0031104,121.4997177,新北市中和區永和路1-4號
13,25.0824173,121.5664945,臺北市內湖區內湖路一段285號2樓(101號攤位)
14,25.0018186,121.4866527,新北市中和區錦和路20號2樓
15,25.130023,121.739847,基隆市仁愛區忠二路25號1樓
16,25.0390248,121.5760113,臺北市信義區虎林街164巷11號1樓
17,25.0485424,121.4453511,新北市新莊區中平路198巷7號
18,25.1267516,121.5022422,臺北市北投區三合街2段436號1樓
19,25.0074423,121.5217321,新北市永和區福和路125巷3號
20,25.0601955,121.5381699,臺北市中山區錦州街320號1樓
21,25.1346371,121.7828046,基隆市信義區深溪路178號1樓
22,24.9540807,121.5610157,新北市新店區北宜路二段276號 (夢想國對面)
23,25.0084388,121.5170906,新北市永和區中正路648號1樓
24,25.06513,121.656453,新北市汐止區新興路3號4樓
25,25.0001362,121.5276183,新北市永和區民樂街41巷1號
26,25.1153854,121.533017,臺北市士林區忠誠路二段162號1樓
27,24.9915168,121.423969,新北市樹林區後站街6巷9號
28,25.0415154,121.6182862,臺北市南港區舊莊街一段45號
29,25.0415154,121.6182862,臺北市南港區舊莊街一段45號
30,25.0487246,121.5701984,臺北市信義區基隆路一段11巷10弄22號1樓
31,25.0442188,121.5164408,臺北市中正區南陽街17巷5號
32,24.9384039,121.3628515,新北市三峽區復興路399號B1廚房
33,24.9384039,121.3628515,新北市三峽區復興路399號B1廚房
34,25.0732823,121.6047203,臺北市內湖區金湖路417號
35,25.0032762,121.4205419,新北市樹林區武林街16-1號
36,25.0584668,121.4914966,新北市三重區光明路36號(店面)
37,25.0458469,121.4492691,新北市新莊區中港二街96號
38,25.0552599,121.4680575,新北市三重區中興北街136巷18弄18號
39,25.1720095,121.4442058,新北市淡水區長興街55號1樓
40,25.0367465,121.5673196,臺北市信義區松壽路11號B2 (新光三越A11)
41,24.9926989,121.4935259,新北市中和區中正路291號B1卸貨區
42,25.0574835,121.6282538,新北市汐止區環河街166號
43,25.0584668,121.4914966,新北市三重區光明路36號(店面)
44,25.0049547,121.4748792,新北市中和區民治街8巷1號
45,25.0601955,121.5381699,臺北市中山區錦州街320號1樓
46,25.1232851,121.7430805,基隆市仁愛區南榮路203號
47,25.1110461,121.5286686,臺北市士林區德行東路109巷97號4樓
48,24.9432315,121.3770108,新北市三峽區大德路87號
49,24.9888701,121.2858639,桃園市桃園區中山路982號1樓
50,25.1021658,121.5235602,臺北市士林區福國路54號5樓
51,25.0389158,121.5039343,臺北市萬華區昆明街274號1樓
52,25.1339749,121.4654256,新北市淡水區自強路162號1樓
53,25.0262768,121.5472881,臺北市大安區四維路208巷14號
54,25.132086,121.734132,基隆市安樂區安一路126號1樓
55,25.0426431,121.5772012,臺北市信義區虎林街101巷8號
56,24.983152,121.566041,臺北市文山區木新路二段264號1樓
57,25.0304386,121.5539004,臺北市大安區臨江街109號
58,25.0406754,121.4559511,新北市新莊區中港路132巷14號 (公園路.中港路138巷7弄口)
59,24.9407149,121.2556763,桃園市中壢區仁福四街27號
60,25.046905,121.5129069,臺北市中正區重慶南路一段2號B1
61,24.9557647,121.3520678,新北市鶯歌區中正一路121號
62,25.1690791,121.4420047,新北市淡水區中正路5巷9號-1(淡水老街-靠海邊那邊)
63,25.0320641,121.5591893,臺北市信義區吳興街17號
64,25.0278442,121.469977,新北市板橋區文化路2段125巷70號
65,24.9674866,121.4263103,新北市土城區成功街2-1號
66,25.0200968,121.5544358,臺北市大安區安居街35巷4號
67,25.0200968,121.5544358,臺北市大安區安居街35巷4號
68,25.001654,121.486625,新北市中和區錦和路22號3樓
69,25.0711875,121.608434,臺北市內湖區康寧路三段16巷53號
70,25.0198447,121.265826,桃園市蘆竹區大竹路402號1樓
71,25.0297007,121.5614142,臺北市信義區吳興街136號
72,25.0273528,121.4961482,臺北市萬華區東園街35巷12號1樓
73,25.1263609,121.7415188,基隆市仁愛區精一路19-1號
74,24.977416,121.5528391,新北市新店區寶高路80號3樓
75,24.9586239,121.2437415,桃園市中壢區新中北路410號
76,25.0409559,121.5312718,臺北市中正區臨沂街27巷9號1樓
77,24.9857755,121.4513855,新北市土城區裕民路136巷9號1樓
78,25.0688884,121.3671493,新北市林口區文化二路一段68巷24號1樓-2
79,24.9482974,121.2286035,桃園市中壢區長沙路8-1號1樓
80,25.0177195,121.4610147,新北市板橋區建國街127號
81,25.1052926,121.5225091,臺北市士林區德行西路47號(家樂福賣場內賣香腸的)
82,25.0946614,121.516319,臺北市士林區士商路150號
83,24.9395191,121.3778491,新北市三峽區三樹路67號
84,25.0012938,121.5023046,新北市中和區廣福路112號(店家)
85,24.9488154,121.2981231,桃園市八德區介壽路二段323號
86,25.0280665,121.5512797,臺北市大安區樂利路15號
87,25.0417877,121.5478902,臺北市大安區忠孝東路4段97號之20B1
88,25.1280786,121.750295,基隆市仁愛區仁一路207號1樓
89,25.0561501,121.3660508,桃園市龜山區文化二路52巷55號
90,25.0630558,121.5010592,新北市三重區中央南路1-1號
91,24.9803627,121.3135029,桃園市桃園區大豐路226號1樓(有附鑰匙.錢會放櫃台上)
92,24.9864484,121.4516755,新北市土城區裕民路137號(鐵皮屋)
93,25.0195951,121.4674235,新北市板橋區文化路一段188巷7弄11號1樓
94,24.9559799,121.3935892,新北市樹林區柑園街一段285號
95,25.1015827,121.7167043,基隆市七堵區大華一路57巷25號1樓(七堵國小左轉崇智橋右轉第二個巷子
96,25.1790735,121.4369355,新北市淡水區新民街180巷1號1樓
97,25.0963868,121.5255037,臺北市士林區福壽街31號1樓
98,25.0584925,121.3678447,桃園市龜山區復興北路6巷45號
99,24.9607192,121.2956026,桃園市八德區四維路55號
100,24.98311,121.5379809,新北市新店區民權路78號6樓(貨都送5樓)
101,25.0546388,121.5926731,臺北市南港區南港路三段16巷2之1號
102,25.0711953,121.6353906,新北市汐止區明峰街7號1樓
103,24.9819315,121.5421262,新北市新店區寶安街22號
104,24.9484008,121.4994723,新北市新店區僑信路78號1樓(台北小城裡)
105,24.9912348,121.5403322,臺北市文山區車前路31號
106,25.021664,121.5421349,臺北市大安區辛亥路二段201號
107,25.0499703,121.5575603,臺北市松山區光復北路66號6樓
108,25.1696096,121.4450906,新北市淡水區英專路21巷11號1樓
109,25.0489403,121.5360416,臺北市中山區長安東路二段129巷7號
110,25.1296949,121.7484761,基隆市信義區義四路14號1樓
111,25.0695111,121.366465,新北市林口區文化二路一段88號1樓
112,25.0238348,121.528818,臺北市大安區師大路59巷4號1樓
113,25.063744,121.49929,新北市三重區文化北路12號
114,24.9921273,121.3089796,桃園市桃園區民族路121號
115,25.0838404,121.5927917,臺北市內湖區內湖路二段462號之1
116,25.0650562,121.6306481,新北市汐止區福德二路173號
117,25.0481118,121.2915412,桃園市蘆竹區中正路317號
118,25.0459993,121.5170414,臺北市中正區忠孝西路一段36號1樓
119,24.9422522,121.3731332,新北市三峽區國學街36號
120,25.1257625,121.4718434,臺北市北投區立德路70號
121,24.9817207,121.5065239,新北市中和區華新街133號
122,25.1147346,121.63328,新北市汐止區汐萬路三段308-1號1樓(柯子林餐廳停車場)
123,25.15044,121.7755731,基隆市中正區北寧路2號(第二餐廳地下室 永泉商場)
124,24.9619877,121.2245991,桃園市中壢區元化路290號1樓
125,25.0577396,121.3671687,桃園市龜山區復興一路212巷25號
126,25.0817231,121.4719451,新北市蘆洲區中山二路124號
127,25.043796,121.453859,新北市新莊區復興路二段8號
128,25.0240634,121.4233823,新北市新莊區四維路122號1樓
129,24.9530135,121.5515431,新北市新店區北宜路2段66號
130,24.993633,121.5221088,新北市中和區自立路18號1F
131,24.9972312,121.4855942,新北市中和區中正路722號1樓
132,25.1422351,121.7639065,基隆市中正區祥豐街95-2號
133,24.9424034,121.3917938,新北市三峽區三樹路222巷228弄11號(倉庫)
134,25.030449,121.4758089,新北市板橋區松柏街59號
135,24.9974751,121.4637702,新北市板橋區重慶路308巷22號1樓
136,25.0588772,121.5891065,臺北市內湖區新明路163號
137,25.0269556,121.563012,臺北市信義區吳興街252號(卸貨區在後門284巷口)
138,25.02863,121.561068,臺北市信義區吳興街156巷25弄1號
139,25.0269556,121.563012,臺北市信義區吳興街252號(卸貨區在後門284巷口)
140,24.9804647,121.5491152,新北市新店區寶中路99號1F
141,25.0055084,121.463838,新北市板橋區實踐路74號1樓
142,25.0240619,121.4711883,新北市板橋區莒光路66號
143,25.036458,121.4462617,新北市新莊區建中街109號1樓
144,25.1353846,121.7857014,基隆市中正區新豐街379號1樓
145,25.0242896,121.5509175,臺北市大安區和平東路三段82號(側門下貨)
146,25.0709537,121.6642036,新北市汐止區大同路二段617號1樓
147,25.0216608,121.5427103,臺北市大安區辛亥路2段217號1樓
148,25.0435233,121.4450154,新北市新莊區中平路34號對面
149,24.9799412,121.5404605,新北市新店區大豐路37-1號
150,25.0342101,121.5572277,臺北市大安區光復南路562號
151,25.0819817,121.380323,新北市林口區中山路571號
152,25.1702577,121.4456726,新北市淡水區英專路42號之4
153,24.9594279,121.5097225,新北市新店區安康路2段218號1樓
154,24.9279055,121.3759783,新北市三峽區大同路84號1樓
155,25.1346932,121.7824281,基隆市信義區深溪路145號 (送貨/收款找魏S)
156,25.0466736,121.5460454,臺北市松山區八德路二段366巷35號
157,25.0512195,121.2884758,桃園市蘆竹區聯福街3號1樓
158,24.9891848,121.3427059,桃園市龜山區德明路77巷38號
159,25.059912,121.547497,臺北市松山區敦化北路222巷31號1樓
160,25.1685366,121.4456413,新北市淡水區中正東路17號
161,24.9740132,121.5487287,新北市新店區寶興路40號
162,24.9452111,121.3749,新北市三峽區大觀路28號
163,25.0586817,121.4332599,新北市泰山區全興路47巷21號1樓
164,24.9850372,121.5626391,臺北市文山區興隆路4段145巷20號1F
165,24.9768239,121.5425172,新北市新店區明德路8號
166,25.0597479,121.5911529,臺北市內湖區潭美街349號(3點半後沒人)
167,24.9975201,121.5201511,新北市永和區民權路37號
168,25.0281844,121.5193946,臺北市中正區南昌路1段108巷1號1樓
169,25.0981175,121.515366,臺北市士林區承德路五段55號3樓(兒童新樂園)
170,25.0820122,121.5709283,臺北市內湖區內湖路一段411巷6號
171,25.0249773,121.4262257,新北市新莊區建安街76巷1弄1號1樓
172,25.1383938,121.4633385,新北市淡水區民生路73號
173,25.0841895,121.5654072,臺北市內湖區內湖路一段217巷95號1樓
174,25.0472113,121.555114,臺北市松山區八德路三段158巷20弄1-1號
175,25.0152755,121.5090026,新北市永和區保安路71號1樓
176,25.0384175,121.4972704,臺北市萬華區桂林路174號2樓
177,25.024233,121.512712,臺北市中正區泉州街161號
178,25.0520891,121.3649618,桃園市龜山區文化五路152號
179,25.138261,121.502439,臺北市北投區中和街45號
180,25.1315238,121.7375283,基隆市中山區安一路2號1樓(店)
181,25.0328073,121.5431386,臺北市大安區復興南路2段12巷1號
182,24.9876051,121.5502165,臺北市文山區木柵路一段137號2樓
183,25.1221917,121.7240669,基隆市安樂區安和一街2巷13號
184,25.007231,121.303501,桃園市桃園區中正路710號1樓
185,24.9497767,121.5308232,新北市新店區永業路81巷5弄27號5樓
186,25.0532733,121.5870406,臺北市南港區南港路三段184號4樓頂樓
187,25.0514491,121.2858231,桃園市蘆竹區錦順街47-1號
188,25.0472113,121.555114,臺北市松山區八德路三段158巷20弄1-1號
189,25.0376345,121.5754534,臺北市信義區松德路119號1樓
190,25.0584668,121.4914966,新北市三重區光明路36號(店面)
191,25.0188811,121.4646268,新北市板橋區文化路一段285巷2弄2號
192,25.0541422,121.3588823,桃園市龜山區忠義路二段520號
193,24.9833447,121.5409928,新北市新店區北新路三段147之1號
194,24.9995809,121.503519,新北市中和區中和路132號1號
195,24.9995809,121.503519,新北市中和區中和路132號1號
196,25.0848123,121.5206214,臺北市士林區前港街60號
197,25.0426692,121.5831261,臺北市南港區忠孝東路五段790巷25弄13號
198,25.1438216,121.7257429,基隆市中山區復興路93-2號
199,25.0011659,121.474336,新北市中和區民享街82號1樓
200,25.0431973,121.5113085,臺北市中正區博愛路130號2樓(對帳單地址)
201,25.0217078,121.5408048,臺北市大安區辛亥路二段165號
202,25.0703512,121.5806475,臺北市內湖區瑞光路76巷47號
203,24.989276,121.2802752,桃園市桃園區龍安街88號1樓
204,24.9997571,121.5555694,臺北市文山區興隆路三段36巷9弄10號1樓(全家便利商店旁)
205,25.1335605,121.7472043,基隆市中正區義二路146號
206,24.9921273,121.3089796,桃園市桃園區民族路121號
207,25.0825784,121.4703718,新北市蘆洲區正和街7號
208,25.1702577,121.4456726,新北市淡水區英專路42號之4
209,25.1702577,121.4456726,新北市淡水區英專路42號之4
210,25.1378091,121.5420348,臺北市士林區華岡路45號
211,25.0435158,121.5247106,臺北市中正區紹興南街4-8號
212,25.0435158,121.5247106,臺北市中正區紹興南街4-8號
213,25.1388,121.7082154,基隆市安樂區基金一路135巷21弄93號(有改地址)
214,25.0775165,121.4854519,新北市三重區三和路四段115號1樓
215,25.1257625,121.4718434,臺北市北投區立德路70號
216,25.1378091,121.5420348,臺北市士林區華岡路45號
217,25.0523691,121.5541583,臺北市松山區南京東路四段133巷4弄26號
218,25.0836225,121.593182,臺北市內湖區成功路四段182巷6弄35號
219,25.0086145,121.514513,新北市永和區大新街9號
220,25.0548086,121.6152026,臺北市南港區中南街16號
221,25.0322066,121.5159781,臺北市中正區南海路34號1樓
222,25.1119217,121.5294176,臺北市士林區士東路100號(71號攤)
223,25.1293624,121.4988536,臺北市北投區大興街24巷3弄2號
224,25.0431973,121.5113085,臺北市中正區博愛路130號2樓(對帳單地址)
225,25.030449,121.4758089,新北市板橋區松柏街59號
226,25.0770094,121.3727468,新北市林口區民有街62號1樓
227,25.0848317,121.4386586,新北市五股區新城6路177號1樓(有改地址)
228,25.1169777,121.532987,臺北市士林區天母東路22巷23-5號
229,25.027653,121.565477,臺北市信義區莊敬路389號(後方)
230,25.0785454,121.3716961,新北市林口區仁愛路二段315號1樓
231,25.1694268,121.4465227,新北市淡水區博愛街37號1樓
232,25.0661257,121.6407433,新北市汐止區樟樹一路137巷26號(忠厚市場)
233,25.1788846,121.4373195,新北市淡水區新民街180巷6號1樓
234,25.170248,121.4450153,新北市淡水區清水街5號
235,25.0142262,121.4768268,新北市板橋區三民路二段正隆巷54號
236,24.9559428,121.2145785,桃園市中壢區民族路46號1樓
237,25.0260468,121.5520427,臺北市大安區樂利路77號1樓(61號)
238,25.1356066,121.5380431,臺北市士林區文化大學-大忠館2樓美食街
239,25.0789758,121.3873631,新北市林口區中山路143號B1
240,25.1356066,121.5380431,臺北市士林區文化大學-大忠館2樓美食街
241,25.071023,121.519425,臺北市大同區承德路3段247巷16號1樓
242,24.9638597,121.5154243,新北市新店區安民街2號
243,24.9941323,121.5058521,新北市中和區景安路177巷6號5樓(需送上樓)(住家)
244,25.0877178,121.5263956,臺北市士林區文林路102號B2
245,25.1228636,121.5316925,臺北市士林區中山北路七段127號B1
246,24.9503089,121.2097205,桃園市平鎮區新興路92號
247,25.1977699,121.4382123,新北市淡水區新市五路三段348號1樓
248,25.0397197,121.5658739,臺北市信義區松高路11號4樓
249,24.9423277,121.3734539,新北市三峽區國際一街33-2號
250,25.0611111,121.6458333,新北市汐止區新台五路一段79號B1
251,25.0828394,121.5662567,臺北市內湖區內湖路一段285巷12號1樓
252,25.0587767,121.6129927,臺北市南港區三重路19之4號
253,24.9745996,121.4405969,新北市土城區中央路2段278巷4-1號1樓
254,25.116958,121.5120447,臺北市北投區致遠二路113巷4號
255,25.0489151,121.5632906,臺北市松山區八德路四段179號
256,24.9926989,121.4935259,新北市中和區中正路291號B1卸貨區
257,24.9926989,121.4935259,新北市中和區中正路291號B1卸貨區
258,25.1518216,121.7705293,基隆市信義區中正路591號  (到前15分鐘電聯-有寄鑰匙)(店/貨品勿退冰)
259,25.0437539,121.503734,臺北市萬華區康定路25巷26號1樓
260,25.0280905,121.5645529,臺北市信義區莊敬路341巷4弄4號1樓
261,25.0284986,121.5647213,臺北市信義區莊敬路341巷21號
262,25.0469902,121.3754256,桃園市龜山區文化二路200號7樓(神達電腦股份有限公司)
263,25.0805962,121.5682654,臺北市內湖區瑞光路583巷22號
264,25.0336064,121.568058,臺北市信義區松仁路130號B2(中華電信員工餐廳)
265,25.0428932,121.5058551,臺北市萬華區西寧南路76號2樓
266,25.0817875,121.6980902,基隆市七堵區百三街120號
267,24.9503089,121.2097205,桃園市平鎮區新興路92號
268,24.9503089,121.2097205,桃園市平鎮區新興路92號
269,25.0311145,121.4726214,新北市板橋區雙十路3段10巷24號1樓
270,24.9771227,121.5491009,新北市新店區寶橋路162號
271,25.0236581,121.4656957,新北市板橋區自由路53號1樓
272,24.9582707,121.1703886,桃園市中壢區民族路5段277號
273,25.1128476,121.5373008,臺北市士林區士東路266巷3弄15號1樓(在士東路286巷上)
274,25.066644,121.4974861,新北市三重區自強路一段58號1樓
275,25.1418316,121.792319,基隆市中正區環港街5號(漁會大樓)C區
276,24.9747863,121.5421956,新北市新店區北新路2段121巷15號1樓
277,25.000749,121.6098928,新北市深坑區北深路3段13號
278,25.0196468,121.5316018,臺北市大安區羅斯福路三段283巷21弄2號
279,25.0973849,121.544356,臺北市士林區至善路二段33號
280,25.1782689,121.4457638,新北市淡水區北新路51號
281,25.1977623,121.4382817,新北市淡水區新市五路三段412號16樓(有改地址)
282,24.996202,121.482338,新北市中和區員山路132巷24號(文元里辦公處)
283,25.0263026,121.5224308,臺北市中正區同安街4巷4號
284,25.0824699,121.4703342,新北市蘆洲區正和街13號1樓
285,25.0692751,121.5876684,臺北市內湖區民權東路6段73號1樓
286,25.0422607,121.5544016,臺北市大安區延吉街135之1號
287,25.0610781,121.5203708,臺北市中山區民權西路70巷41之1號1樓
288,25.0422607,121.5544016,臺北市大安區延吉街135之1號
289,25.0435362,121.6186738,臺北市南港區研究院路2段61巷2弄41號1樓
290,25.0101199,121.537589,臺北市大安區羅斯福路四段123巷29-1號
291,25.1285449,121.7551721,基隆市信義區信一路34號
292,24.9458542,121.4957304,新北市新店區玫瑰路62巷1號1F
293,25.0345912,121.5290475,臺北市中正區臨沂街75巷10之3號
294,24.987798,121.5081236,新北市中和區南山路495號
295,25.0505729,121.5588273,臺北市松山區光復北路85巷13號1樓
296,25.1001805,121.5488112,臺北市士林區至善路二段221號(故宮4樓(東徹停車場)
297,25.0436141,121.5540163,臺北市大安區延吉街83號
298,24.984289,121.5615783,臺北市文山區興隆路四段72號
299,24.9699519,121.2634491,桃園市中壢區遠東路135號1樓(元智大學內女宿舍2餐廳)
300,25.1126821,121.5189302,臺北市北投區裕民六路90巷31弄6號1樓
301,24.9557647,121.3520678,新北市鶯歌區中正一路121號
302,25.024289,121.563869,臺北市信義區吳興街284巷15-3號1樓
303,25.0040639,121.304786,桃園市桃園區中正路573號
304,25.0875567,121.5626671,臺北市內湖區內湖路一段91巷35弄1號1樓
305,24.999901,121.55814,臺北市文山區興隆路三段111號.地下一樓
306,24.999901,121.55814,臺北市文山區興隆路三段111號.地下一樓
307,25.017432,121.428301,新北市新莊區西盛街171號
308,25.015084,121.4608034,新北市板橋區公館街27號1樓
309,24.957786,121.2227478,桃園市中壢區大同路86-1號
310,25.0175321,121.4610103,新北市板橋區建國街118號
311,24.9820226,121.5380506,新北市新店區二十張路22巷7號
312,24.9897444,121.5415221,臺北市文山區景美街131號1樓
313,25.0505689,121.5181252,臺北市大同區長安西路122號
314,25.012595,121.4715213,新北市板橋區長安街331巷112號
315,25.1030979,121.5221433,臺北市士林區福華路145號
316,24.9750919,121.5169796,新北市新店區安民街343號
317,25.137117,121.7885919,基隆市中正區新豐街215號
318,24.9581658,121.5391814,新北市新店區北宜路一段39巷23號4樓
319,24.9794504,121.538954,新北市新店區大豐路72號1樓
320,25.0436738,121.5219767,臺北市中正區青島東路6-1號1樓
321,25.0289885,121.515332,臺北市中正區重慶南路3段18號1樓
322,25.0310484,121.5499942,臺北市大安區敦化南路2段63巷19號
323,24.9715761,121.5357886,新北市新店區三民路83號3樓
324,24.9517454,121.4915552,新北市新店區安康路三段97號1樓
325,25.0399053,121.4520063,"新北市新莊區公園路128號(有專屬鼎耀四門冷凍櫃,淺藍遙控器)-"
326,24.9856434,121.4240824,新北市樹林區博愛街246號 (從樹中二街入紫色大樓後門)
327,25.0442976,121.4587462,新北市新莊區復興路二段176號
328,25.0692603,121.4978011,新北市三重區文化北路141號1樓
329,25.0079262,121.4637409,新北市板橋區館前東路63之1號
330,25.0306335,121.5499714,臺北市大安區敦化南路二段81巷45弄10號
331,24.9745225,121.4414101,新北市土城區中央路2段264號
332,25.1356066,121.5380431,臺北市士林區文化大學-大忠館2樓美食街
333,25.0882438,121.5238983,臺北市士林區基河路104號
334,24.99769,121.4874786,新北市中和區建一路170之3號1樓
335,24.9814458,121.3066208,桃園市桃園區南豐三街1號1樓
336,24.929642,121.345094,新北市三峽區中山路459巷201號(無極七玄宮旁)
337,24.9942966,121.5047813,新北市中和區景安路132巷1號1樓
338,25.0343807,121.5071794,臺北市中正區延平南路216巷3號1樓
339,25.0730357,121.6751746,新北市汐止區大同路三段222號1樓(黑貓宅急便旁)
340,25.0602003,121.534565,臺北市中山區錦州街258號1樓
341,25.0695962,121.6174011,臺北市內湖區東湖路119巷50弄9號1樓
342,25.1320491,121.501269,臺北市北投區中央南路一段54號
343,25.0786769,121.5902156,臺北市內湖區星雲街15巷21之1號
344,25.0588049,121.548582,臺北市松山區敦化北路222巷6號1樓
345,25.0897262,121.4596224,新北市蘆洲區長榮路502號3樓
346,25.0505729,121.5588273,臺北市松山區光復北路85巷13號1樓
347,24.9516447,121.4880929,新北市新店區安康路三段193號1樓
348,25.0021161,121.5555901,臺北市文山區辛亥路4段217號
349,25.0821618,121.5485803,臺北市中山區北安路595巷1之1號
350,25.0191402,121.301962,桃園市桃園區新埔七街34號1樓
351,25.0366619,121.5444613,臺北市大安區仁愛路四段8巷28號
352,25.0545869,121.5202174,臺北市大同區赤峰街35巷11號1樓
353,24.9621924,121.3066712,桃園市八德區東勇街51-9號
354,25.1310005,121.5029042,臺北市北投區大興街119號1樓
355,25.0510819,121.5680804,臺北市松山區南京東路5段316號
356,25.1276729,121.7432312,基隆市仁愛區愛四路2-6號1樓
357,25.0305372,121.5503948,臺北市大安區敦化南路2段81巷45弄21號
358,25.028386,121.5467431,臺北市大安區四維路170巷31號
359,25.0218012,121.5427269,臺北市大安區和平東路2段118巷60號
360,25.0556146,121.6060074,臺北市南港區興華路85號1樓
361,25.1704348,121.4450269,新北市淡水區清水街22號
362,25.066468,121.631768,新北市汐止區原興路81號1樓
363,25.0552599,121.4680575,新北市三重區中興北街136巷18弄18號(收藍到B1)
364,25.0703414,121.5011765,新北市三重區萬全街59號
365,25.1520481,121.7699646,基隆市中正區中正路583號
366,25.0839157,121.5678285,臺北市內湖區內湖路一段323巷18弄2號(由側門進貨)
367,25.036305,121.578122,臺北市信義區信義路六段113號
368,25.0506519,121.5940328,臺北市南港區忠孝東路6段465號之1
369,25.0792018,121.5427093,臺北市中山區南京東路1段13巷7弄2-7號1樓
370,25.0126781,121.5356574,臺北市中正區羅斯福路四段136巷6弄6號
371,24.977883,121.534515,新北市新店區中正路416號1樓
372,25.0736599,121.6051694,臺北市內湖區金湖路396號
373,25.127511,121.7593494,基隆市信義區東明路177號
374,25.1566121,121.4594914,新北市淡水區中正東路2段29號3樓
375,25.1383891,121.4632794,新北市淡水區民生路71號
376,24.9334337,121.2774051,桃園市八德區長興路360巷58弄4號
377,25.0427835,121.5539471,臺北市大安區延吉街68-28號
378,25.0961987,121.7125081,基隆市七堵區自治街28巷14號1樓
379,24.9806163,121.3170196,桃園市桃園區大豐路100號
380,24.9897659,121.3445117,桃園市龜山區德明路135號
381,25.0610724,121.5211674,臺北市中山區中山北路二段116巷43號(天祥路口)
382,25.1118264,121.5315215,臺北市士林區忠誠路2段55號B1(高島屋內美食街)
383,25.169079,121.4467673,新北市淡水區博愛街47-3號
384,25.0548777,121.5500879,臺北市松山區敦化北路165巷1號
385,25.0031282,121.5509422,臺北市文山區福興路36號
386,24.9866863,121.4638957,新北市土城區立德路74巷6號
387,25.1962843,121.4254314,新北市淡水區新市二路一段98號
388,24.9768281,121.5490591,新北市新店區寶宏路6號1樓
389,24.9820078,121.5377782,新北市新店區建國路242號1樓
390,25.0320774,121.475598,新北市板橋區文聖街16號
391,25.0363399,121.5472104,臺北市大安區仁愛路4段48巷23號
392,25.0491482,121.5273593,臺北市中山區林森北路85巷70號1樓
393,25.0518099,121.469406,新北市三重區中興北街139巷2號
394,24.9956779,121.560054,臺北市文山區興隆路三段193號1樓
395,25.0570025,121.5761347,臺北市內湖區行善路60號
396,25.0206654,121.5534162,臺北市大安區和平東路3段228巷41號1樓
397,25.0300741,121.434421,新北市新莊區建國一路92號
398,25.0598077,121.5465177,臺北市松山區民生東路3段113巷25弄13號
399,25.0168395,121.4091932,新北市樹林區三福街3號
400,25.0781369,121.5762749,臺北市內湖區港墘路125號1樓
401,24.9567015,121.2245645,桃園市中壢區中央東路36號
402,25.0433606,121.5312936,臺北市中山區臨沂街3巷7號
403,25.1296347,121.7472258,基隆市信義區信一路141巷7號1樓
404,25.076786,121.5797784,臺北市內湖區文德路22巷27弄3號1樓
405,24.9937824,121.5405644,臺北市文山區羅斯福路六段202巷1號1樓
406,25.0387861,121.5215566,新北市林口區仁愛路1段28巷7號1樓
407,25.0769971,121.5820194,臺北市內湖區文德路66巷53弄3號
408,24.9624137,121.479839,新北市新店區安祥路104號-10(美而美早餐店)
409,25.0602361,121.5357377,臺北市中山區錦州街290號
410,24.977416,121.5528391,新北市新店區寶高路80號3樓
411,25.1148998,121.527849,臺北市士林區中山北路6段476號2樓
412,24.975273,121.443884,新北市土城區中正路54號
413,25.0285025,121.5478989,臺北市大安區四維路166號
414,25.0974089,121.7125166,基隆市七堵區自治北街2號
415,25.0328328,121.5458655,臺北市大安區信義路四段60之138號(信維市場)
416,25.0980861,121.7496113,基隆市暖暖區源遠路174號
417,25.0286899,121.4575914,新北市板橋區長江路1段411號
418,25.0354985,121.5565386,臺北市大安區光復南路456巷18號
419,24.9571007,121.2461408,桃園市中壢區新中北路526號1樓
420,25.177916,121.449242,新北市淡水區北新路182巷11號
421,25.0273777,121.5562249,臺北市信義區基隆路2段131-24號
422,25.0535025,121.5239199,臺北市中山區南京東路一段13巷7弄2-2號1樓(收款地址-A8822福德滿)
423,25.039515,121.576742,臺北市信義區虎林街149號對面(貨大都送這)
424,25.0614833,121.4956725,新北市三重區重新路二段150號1樓(大同南路左邊第3攤)
425,24.9610956,121.4209145,新北市土城區中央路四段24號
426,24.9501,121.4894776,新北市新店區裕合街16號(住家.有特別說才送這)
427,24.909506,121.157345,桃園市楊梅區環東路432號
428,25.1679825,121.4475772,新北市淡水區學府路14號
429,24.8214622,121.0272295,新竹縣竹北市勝利一路109號
430,25.1367433,121.4619668,新北市淡水區民族路29巷62號1F
431,25.032894,121.545494,臺北市大安區信義路4段60-144號
432,25.0800049,121.5911701,臺北市內湖區成功路三段187巷3弄2號1樓
433,24.969895,121.545363,新北市新店區中正路28號
434,25.1741629,121.4518133,新北市淡水區水源街二段92巷2號
435,25.0456934,121.5750638,臺北市信義區永吉路257號
436,24.9806219,121.3175453,桃園市桃園區大豐路72號1樓
437,24.9732338,121.5432982,新北市新店區寶橋路6巷4號
438,25.0306978,121.5432639,臺北市大安區復興南路二段84-5號
439,25.0148699,121.5674082,臺北市信義區崇德街328號1樓
440,25.149516,121.726569,基隆市中山區復興路287號
441,25.0365353,121.5610647,臺北市信義區基隆路一段350之15號1樓
442,25.1821859,121.4402046,新北市淡水區新春街103-1號
443,24.9935336,121.3338749,桃園市龜山區萬壽路2段1111巷3號
444,25.1156981,121.51976,臺北市北投區振華街6號1樓
445,25.0124505,121.5196876,新北市永和區竹林路85號
446,25.0495687,121.5445729,臺北市松山區南京東路3段256巷47號
447,25.0627012,121.4996528,新北市三重區重新路2段10之1號
448,25.0579507,121.5632114,臺北市松山區三民路113巷5號之4
449,25.0696978,121.6652652,新北市汐止區忠孝東路346號旁(鐵皮屋)
450,25.032668,121.5534315,臺北市大安區通安街7號1樓
451,25.0069111,121.5167857,新北市永和區中正路505號1樓
452,25.0584051,121.3676542,桃園市龜山區復興北路6巷51-2號1樓
453,24.9785783,121.5418123,新北市新店區明德路50號3F
454,24.9830652,121.5406862,新北市新店區民權路38號2F   (36巷入黃色樓梯)
455,25.0264546,121.5394705,臺北市大安區瑞安街153號
456,25.028332,121.563068,臺北市信義區莊敬路302號1樓(10點半後有人)
457,24.9512896,121.5486364,新北市新店區北宜路2段38號1樓
458,25.033715,121.505609,臺北市中正區中華路二段99號1樓
459,24.9811175,121.5408022,新北市新店區北新路三段65巷14號1樓
460,24.9651418,121.5156477,新北市新店區安民街27號
461,25.0558247,121.6061576,臺北市南港區興中路44巷28號
462,25.0094423,121.5164791,新北市永和區中正路597號1樓
463,25.0219567,121.5277879,臺北市大安區師大路126巷16號
464,24.9826319,121.5352303,新北市新店區民權路129-1號 (三車)
465,24.97307,121.5316099,新北市新店區中央路133巷32弄2號
466,24.9383787,121.3707366,新北市三峽區復興路155號
467,25.0866052,121.478169,新北市蘆洲區信義路325號
468,25.0521084,121.5563683,臺北市松山區南京東路四段179巷3號
469,25.0654601,121.5246519,臺北市中山區雙城街19巷5號
470,24.9664255,121.435322,新北市土城區中央路三段112號1樓
471,25.023675,121.530886,臺北市大安區泰順街44巷6號1樓
472,25.0332104,121.5273258,臺北市大安區金山南路二段25之1號
473,25.0092846,121.5373309,臺北市文山區羅斯福路五段20號
474,25.1275211,121.7661251,基隆市信義區東信路122號
475,24.9827633,121.5371506,新北市新店區民權路101-1號
476,25.056343,121.4936363,新北市三重區中正南路155-1號
477,25.0132004,121.3119822,桃園市桃園區大業路1段319號
478,24.9594429,121.5082625,新北市新店區安德街156號1樓(18點前都有人)新店央廚
479,24.9869764,121.5679397,臺北市文山區木柵路三段102巷23號1樓
480,25.0621229,121.5157498,臺北市大同區民權西路144巷10弄2號1樓
481,25.0216309,121.5281811,臺北市大安區師大路133號
482,24.9920151,121.4627922,新北市板橋區廣和街83號
483,25.0782457,121.3927909,新北市林口區中原街21號
484,25.1232851,121.7430805,基隆市仁愛區南榮路203號
485,25.1795306,121.4370442,新北市淡水區新民街180巷7弄11號1樓
486,25.0254469,121.5166779,臺北市中正區重慶南路三段83號1樓 (華王排骨便當)
487,25.0413419,121.504627,臺北市萬華區昆明街131號
488,24.9992994,121.4583872,新北市板橋區仁愛路12號..從巷口16號走進去到底
489,25.0024775,121.5124204,新北市中和區新興街17巷2號
490,25.0294651,121.5615936,臺北市信義區吳興街146號
491,24.9838081,121.5523185,新北市新店區寶橋路235巷134號
492,25.0119509,121.5143307,新北市永和區信義路15號(麵麵俱到隔壁)
493,24.9885542,121.4593344,新北市土城區學府路1段176號
494,25.0198447,121.265826,桃園市蘆竹區大竹路402號1樓
495,25.0066693,121.4678172,新北市板橋區國泰街56號
496,25.0024865,121.481813,新北市中和區員山路294巷3號
497,25.0465507,121.5433872,臺北市中山區復興南路一段30巷4號(轉角三角窗)
498,25.0480764,121.5579794,臺北市松山區光復南路1號2樓
499,25.1059019,121.47764,臺北市士林區延平北路9段213號1樓
500,25.0407058,121.5317339,臺北市中正區忠孝東路二段134巷26號
501,25.0352403,121.5080006,臺北市中正區延平南路157巷2號(和平醫院後面)
502,24.993283,121.542061,臺北市文山區景美街5巷15號(從景華街進入)
503,25.0498902,121.593787,臺北市南港區昆陽街140巷11號
504,25.0242281,121.5468037,臺北市大安區臥龍街11號1F
505,25.036458,121.4462617,新北市新莊區建中街109號1樓
506,24.9848258,121.5426796,新北市新店區中興路3段292號1樓
507,25.027688,121.550054,臺北市大安區安和路1段137號
508,24.9559121,121.5372076,新北市新店區新店路180號
509,25.0435853,121.5313891,臺北市中正區八德路一段82巷9弄15號
510,25.0514049,121.5213227,臺北市中山區中山北路一段140巷14號
511,25.0782457,121.3927909,新北市林口區中原街21號
512,24.97388,121.5334248,新北市新店區三民路159巷口
513,25.1372079,121.5104059,臺北市北投區中山路28之1號B2
514,25.1306296,121.5015062,臺北市北投區大興街74號1樓
515,25.0039999,121.5143932,新北市永和區安樂路419號
516,24.9843555,121.4660269,新北市土城區延吉街311號
517,25.1276428,121.7419836,基隆市仁愛區愛三路21號2樓B7
518,24.9624137,121.479839,新北市新店區安祥路104號-10(美而美早餐店)
519,24.9987701,121.5579633,臺北市文山區興隆路三段136號1樓
520,25.061581,121.5000681,新北市三重區文化南路37號
521,25.0270229,121.5644543,臺北市信義區吳興街269巷12號
522,25.141472,121.499192,臺北市北投區中和街351號
523,25.0549055,121.5203415,臺北市大同區赤峰街41巷13號1樓
524,25.0170269,121.4760235,新北市板橋區中山路2段179號
525,25.0501215,121.5626542,臺北市松山區吉祥路45號1樓
526,25.0342101,121.5572277,臺北市大安區光復南路562號
527,25.0251715,121.5426063,臺北市大安區和平東路二段217號1樓
528,25.0206293,121.5522507,臺北市大安區樂業街128-7號
529,25.0291156,121.5624426,臺北市信義區莊敬路258號
530,25.0785445,121.5678165,臺北市內湖區瑞光路478巷18弄30號
531,25.0198253,121.5321942,臺北市大安區溫州街74巷6號(下午3-5點休)
532,24.9806966,121.5420162,新北市新店區北新路三段82號
533,24.9744264,121.5422474,新北市新店區北新路2段97巷10弄2號
534,25.0843029,121.4950862,新北市三重區五華街71巷115號1樓
535,25.1181102,121.5303584,臺北市士林區中山北路六段822號
536,25.0345368,121.5304574,臺北市中正區新生南路一段160巷22之1號
537,25.002854,121.5107267,新北市永和區中和路519巷3號
538,25.0291247,121.5220798,臺北市大安區杭州南路二段75號1樓
539,25.0023554,121.4980087,新北市中和區中山路2段243號
540,25.0618954,121.5318853,臺北市中山區松江路362巷34號
541,25.0760748,121.3668909,新北市林口區民族路138號
542,25.070681,121.6117368,臺北市內湖區康寧路三段165巷6號
543,24.9484008,121.4994723,新北市新店區僑信路78號1樓(台北小城裡)
544,24.9395191,121.3778491,新北市三峽區三樹路67號
545,25.0215402,121.4130052,新北市新莊區中正路893巷1-12號1樓
546,25.0763598,121.5796082,臺北市內湖區文德路22巷27弄16號
547,25.0540663,121.4449174,新北市新莊區中平路396號1樓
548,25.0050822,121.5037904,新北市中和區中山路2段64巷8號
549,24.9561509,121.297347,桃園市八德區銀和街27巷2弄10號11樓之3(東門警衛室)
550,25.0280665,121.5512797,臺北市大安區樂利路15號
551,24.9655183,121.5404682,新北市新店區北新路一段231號2樓(近新生街)
552,25.0489564,121.4544795,新北市新莊區自信街45巷15號4樓
553,25.0039883,121.5415575,臺北市文山區興隆路一段55巷12號1樓
554,25.1490596,121.7182252,基隆市中山區中和路166之2號1F
555,25.0397708,121.5888564,臺北市南港區福德街356號
556,25.051335,121.363612,桃園市龜山區文化七路82號
557,25.0205687,121.4625315,新北市板橋區新海路7號
558,25.0548086,121.6152026,臺北市南港區中南街16號
559,24.9827695,121.5425823,新北市新店區民權路9號1樓
560,25.1008854,121.5268207,臺北市士林區至誠路二段129號
561,25.014973,121.5140659,新北市永和區文化路61號1樓
562,25.051094,121.594997,臺北市南港區忠孝東路六段481號1樓
563,25.1289376,121.7568907,基隆市信義區信二路25-4號
564,25.0830946,121.5479051,臺北市中山區北安路621巷21號1樓
565,25.0580918,121.3669152,桃園市龜山區復興一路212巷5號2樓
566,24.9768281,121.5490591,新北市新店區寶宏路6號1樓
567,25.177524,121.4494698,新北市淡水區北新路182巷3弄28號
568,25.0233998,121.4238598,新北市新莊區四維路97巷7號1樓(有改地址)
569,25.0125938,121.5354431,臺北市中正區羅斯福路4段136巷10號1樓
570,25.0231856,121.527767,臺北市大安區師大路80巷2號
571,25.0286342,121.5645793,臺北市信義區莊敬路325巷48號
572,25.0561501,121.3660508,桃園市龜山區文化二路52巷55號
573,25.0436141,121.5540163,臺北市大安區延吉街83號
574,24.9867501,121.4648869,新北市土城區立德路135巷6號1樓
575,25.0479094,121.5282815,臺北市中山區林森北路67巷123號1樓(招牌米家花雞)
576,24.9892233,121.3051762,桃園市桃園區復興路309號1樓
577,24.9798404,121.5398973,新北市新店區大豐路52號(停車要熄火)
578,24.9452111,121.3749,新北市三峽區大觀路28號
579,24.9959641,121.488359,新北市中和區連城路343號1樓(路口在347巷內)
580,25.0037612,121.457383,新北市板橋區貴興路30號
581,25.0189437,121.5567609,臺北市大安區富陽街138號
582,25.0305282,121.474586,新北市板橋區文化路2段410巷36號10樓
583,25.1411188,121.4993631,臺北市北投區大同街349號
584,24.9516756,121.4868198,新北市新店區安康路三段2之4號
585,25.0134993,121.4736619,新北市板橋區板新路61號1樓
586,25.0596061,121.4869801,新北市三重區重陽路一段103號
587,25.0696682,121.6171349,臺北市內湖區東湖路119巷50弄1號
588,25.1726081,121.450549,新北市淡水區學府路130號
589,24.9815761,121.537771,新北市新店區建國路228號
590,25.0548086,121.6152026,臺北市南港區中南街16號
591,25.1621576,121.4574388,新北市淡水區坪頂路38巷3號1樓
592,25.0601955,121.5381699,臺北市中山區錦州街320號1樓
593,25.0014944,121.443265,新北市板橋區龍興街65巷5號
594,25.0252358,121.52934,臺北市大安區龍泉街15號1樓
595,25.0436558,121.5477071,臺北市大安區敦化南路一段160巷17號1樓
596,25.0743163,121.6620302,新北市汐止區建成路160巷26號1樓(倉庫)
597,25.0273579,121.5635571,臺北市信義區吳興街245號
598,24.9530135,121.5515431,新北市新店區北宜路2段66號
599,25.1877536,121.4309276,新北市淡水區新市一路一段99巷25號
600,25.0766951,121.5757584,臺北市內湖區江南街118巷3號1樓
601,24.9859628,121.3278802,桃園市龜山區山鶯路167號
602,25.1001349,121.7367706,基隆市暖暖區暖暖街151號
603,24.9378497,121.3704018,新北市三峽區和平街60號
604,25.0320774,121.475598,新北市板橋區文聖街16號
605,24.9848805,121.5421291,新北市新店區中興路3段293-1號
606,24.9930034,121.5070876,新北市中和區景平路293號
607,24.9671441,121.54099,新北市新店區中華路1號1樓(單據務必請放櫃台抽屜裏面)
608,25.0279321,121.5481617,臺北市大安區四維路183號
609,24.9519198,121.548158,新北市新店區北宜路二段21之1號
610,25.1747157,121.4407677,新北市淡水區新生街124號(麻油雞店)
611,25.007392,121.5378161,臺北市文山區羅斯福路5段150巷59號
612,25.0255153,121.4236357,新北市新莊區民安路98巷9號(福營國中側門)
613,25.1165534,121.5075763,臺北市北投區尊賢街240巷1號
614,24.9765197,121.4418972,新北市土城區中央路二段162號
615,25.0148699,121.5674082,臺北市信義區崇德街328號1樓
616,25.0671914,121.5153415,臺北市大同區重慶北路三段113巷42號
617,25.0257083,121.4211642,新北市新莊區富國路101號
618,25.0592838,121.5317069,臺北市中山區民生東路二段115巷25弄2號
619,24.994059,121.430873,新北市板橋區沙崙街29-6號1樓
620,25.0611111,121.6458333,新北市汐止區新台五路一段79號B1
621,25.027653,121.565477,臺北市信義區莊敬路389號(後方)
622,25.0446448,121.5332796,臺北市大安區八德路二段3號2樓
623,25.0445148,121.5741175,臺北市信義區永吉路278巷30號
624,25.1246409,121.745485,基隆市仁愛區南新街31巷6-2號3樓
625,25.0695728,121.6171315,臺北市內湖區東湖路119巷46號1樓
626,25.1378091,121.5420348,臺北市士林區華岡路45號
627,25.0094282,121.2958147,桃園市桃園區大興西路二段181之7號(亞曼尼燈飾的右側)
628,24.959046,121.2987862,桃園市八德區廣福路20巷7號
629,25.0294208,121.5541761,臺北市大安區通化街113號1樓
630,24.9892302,121.5493818,臺北市文山區試院路34號1樓
631,24.9933148,121.559267,臺北市文山區興隆路三段231號1樓
632,25.0792834,121.5783857,臺北市內湖區內湖路1段737巷4號(大呼過癮騎樓外)
633,24.9720856,121.5419935,新北市新店區中正路154巷12號1樓
634,25.0807134,121.499238,新北市三重區仁義街101巷42號
635,24.9716548,121.3926305,新北市樹林區佳園路一段22之5號1樓
636,24.9542232,121.2251541,桃園市中壢區中正路10號
637,24.9373441,121.3700253,新北市三峽區和平街79巷1號
638,25.0521551,121.5534261,臺北市松山區南京東路四段75巷14弄3號
639,24.9845637,121.4523266,新北市土城區學府路一段189巷8號
640,25.0387576,121.4472389,新北市新莊區公園路5號
641,25.1801858,121.4421036,新北市淡水區新興街60號1樓(心炸台式炸物)
642,25.0027493,121.4440857,新北市板橋區龍興街97巷2號
643,25.0471462,121.5416797,臺北市中山區八德路二段279號
644,24.9797905,121.5401263,新北市新店區大豐路45號1樓
645,25.008668,121.465826,新北市板橋區民族路83-1號
646,25.0563267,121.5226024,臺北市中山區中山北路1段105巷7號1樓
647,25.1358927,121.7876246,基隆市中正區新豐街285號
648,25.0790436,121.5805173,臺北市內湖區內湖路2段60號
649,25.0170269,121.4760235,新北市板橋區中山路2段179號
650,25.0524049,121.593377,臺北市南港區昆陽街65號1樓
651,25.0025461,121.301777,桃園市桃園區愛一街74號3樓
652,25.0825776,121.5667018,臺北市內湖區內湖路1段285巷68弄9號1樓
653,25.0694481,121.6140957,臺北市內湖區東湖路43巷10號1樓
654,24.974093,121.543381,新北市新店區寶橋路1巷4號
655,24.9869128,121.4672045,新北市土城區金城路3段116巷11弄3號
656,25.0674218,121.3658682,新北市林口區文化二路一段20巷25弄19號1樓
657,24.9367247,121.3754154,新北市三峽區國光街3號1樓(店面)
658,25.05222,121.5105548,臺北市大同區塔城街31號1樓
659,25.1679449,121.4475105,新北市淡水區學府路19號1樓
660,25.1837944,121.4247589,新北市淡水區沙崙路200號
661,25.1316786,121.7368111,基隆市中山區安一路38號(貨一定要放冰箱)
662,25.0291156,121.5624426,臺北市信義區莊敬路258號
663,25.1375056,121.5420874,臺北市士林區光華路26巷2弄8號1樓
664,25.047691,121.54512,臺北市中山區八德路二段346巷1弄9號(在八德路上)
665,25.0589184,121.3686513,桃園市龜山區復興北路6巷17號 (飲料隔壁)
666,25.0617521,121.5465038,臺北市松山區民權東路3段140巷2號1樓
667,25.0549509,121.614181,臺北市南港區南港路一段125號(收款下午到).帶鑰匙
668,25.0846192,121.624056,臺北市內湖區康樂街257號之2
669,25.000061,121.483812,新北市中和區新生街199號1F
670,25.024487,121.531271,臺北市大安區泰順街3之1號 (初魚日本料理正對面)
671,24.9616406,121.5104605,新北市新店區安德街69號(騎樓門口)
672,25.071801,121.5895,臺北市內湖區成功路二段438號
673,24.9668697,121.2613624,桃園市中壢區榮民路165巷15號1樓
674,25.1782197,121.4462375,新北市淡水區北新路66號
675,24.9590434,121.2143886,桃園市中壢區中央西路二段142號
676,25.094961,121.720198,基隆市七堵區東新街73巷60弄8號
677,25.0825776,121.5667018,臺北市內湖區內湖路1段285巷69弄1號1樓
678,24.9347943,121.3916603,新北市三峽區介壽路二段38巷10-3號(早餐店後面)
679,25.0329802,121.5447934,臺北市大安區信義路4段30巷1號(店)
680,25.0041339,121.4805271,新北市中和區員山路447號
681,25.0520572,121.4873046,新北市三重區成功路129號
682,25.0988845,121.754847,基隆市暖暖區源遠路251號
683,25.0093214,121.5369923,臺北市文山區汀州路四段41號         
684,25.009095,121.513968,新北市永和區永和路一段147號
685,24.9972698,121.4193129,新北市樹林區保安街一段288號1樓
686,24.96837,121.540541,新北市新店區北新路一段297巷32號1樓
687,25.1243866,121.7202916,基隆市安樂區麥金路408號1樓
688,24.8201302,121.0234136,新竹縣竹北市成功二街37號
689,25.0817875,121.6980902,基隆市七堵區百三街120號
690,25.0509774,121.5269751,臺北市中山區南京東路一段132巷20號1樓
691,25.1689922,121.4468894,新北市淡水區博愛街61號1樓
692,24.9710171,121.5480512,新北市新店區中興路二段100巷21號1樓(近寶興路)
693,25.1368799,121.4603598,新北市淡水區民族路4號1樓
694,25.0012942,121.3589151,桃園市桃園區龍壽路215號
695,25.1775914,121.4489814,新北市淡水區北新路182巷19號1樓
696,25.0245043,121.5295805,臺北市大安區龍泉街23號1樓
697,25.122021,121.723823,基隆市安樂區安和一街2巷7號
698,24.9852255,121.4677428,新北市土城區延安街27號2樓
699,25.13741,121.502509,臺北市北投區大業路733號1樓(店裡)
700,25.0117526,121.514343,新北市永和區信義路5巷4號
701,25.1325922,121.5022557,臺北市北投區新市街61號1樓
702,25.0452968,121.5837987,臺北市南港區同德路21-1號1F (要記得帶遙控器，錢在冰箱) 肉類放橘色桶子
703,25.0113458,121.2984392,桃園市桃園區大興西路二段69巷2號
704,25.0648822,121.6601147,新北市汐止區新台五路二段2號旁
705,24.9587644,121.5088936,新北市新店區安康路2段213號
706,25.1540983,121.7319888,基隆市中山區文化路179號1樓
707,25.048495,121.5793005,臺北市信義區松隆路329巷6-1號
708,25.0687204,121.6136867,臺北市內湖區東湖路52號(帶鑰匙)
709,24.9731125,121.5410192,新北市新店區博愛街6巷2號1樓
710,25.0493805,121.5527417,臺北市松山區北寧路34號
711,24.9501,121.4894776,新北市新店區裕合街16號(住家.有特別說才送這)
712,24.9378698,121.3752693,新北市三峽區國光街38巷8號
713,25.0984119,121.7488775,基隆市暖暖區源遠路157-1號 (加油站旁)
714,24.9896419,121.562728,臺北市文山區木柵路二段109巷23號
715,24.9898793,121.3107858,桃園市桃園區復興路192號2樓
716,25.1518216,121.7705293,基隆市信義區中正路591號  (到前15分鐘電聯-有寄鑰匙)(店/貨品勿退冰)
717,24.9284342,121.3787078,新北市三峽區介壽路一段276巷88弄25號2樓之1
718,25.064975,121.632737,新北市汐止區中興路150巷11號7樓(家)
719,25.0519891,121.5570741,臺北市松山區光復北路130號1樓
720,25.0719345,121.3691212,新北市林口區文化二路一段214-1號
721,25.0273,121.564774,臺北市信義區吳興街269巷22號(下午送不要電聯 貨放鐵門內)
722,25.0538117,121.5124466,臺北市大同區南京西路338號1樓
723,25.0795931,121.5787693,臺北市內湖區內湖路一段737巷29號
724,24.958043,121.5115835,新北市新店區安忠路63巷1號2F-馨馥食品
725,25.0398049,121.4523881,新北市新莊區中華路一段106號
726,25.0523759,121.5545166,臺北市松山區南京東路4段133巷4弄16號
727,25.0580918,121.3669152,桃園市龜山區復興一路212巷5號2樓
728,25.170248,121.4450153,新北市淡水區清水街5號
729,25.0795931,121.5787693,臺北市內湖區內湖路一段737巷29號1樓
730,24.9919483,121.5406215,臺北市文山區羅斯福路六段403號1樓(11點前)KTV外水槽
731,25.0041896,121.4695353,新北市中和區民生街85巷5弄的巷口
732,25.1385047,121.4599661,新北市淡水區民族路29巷巷口 (#1238#)
733,25.1793545,121.4423547,新北市淡水區中山北路一段247巷92號1樓
734,25.184094,121.424427,新北市淡水區沙崙路181巷2-2號
735,25.0281698,121.5104801,臺北市中正區三元街144之1號
736,25.0728704,121.618899,臺北市內湖區康樂街162巷8之1
737,25.0584297,121.5486992,臺北市中正區敦化北路220號
738,25.1385047,121.4599661,新北市淡水區民族路29巷巷口 (#1238#)
739,25.133587,121.498268,臺北市北投區育仁路64號1樓
740,25.0427826,121.5656683,臺北市信義區基隆路一段145之1號
741,25.1383525,121.4856959,臺北市北投區中央北路三段38號(路口轉角)
742,25.028509,121.560884,臺北市信義區吳興街156巷25弄2號
743,25.0540579,121.2842562,桃園市蘆竹區南崁路一段288-7號9樓
744,25.0041339,121.4805271,新北市中和區員山路447號
745,25.0270608,121.4296155,新北市新莊區後港一路130巷3號1樓
746,25.129054,121.506028,臺北市北投區公館路160號1樓
747,24.9976407,121.4858173,新北市中和區中正路736號
748,25.0644685,121.5216137,臺北市中山區中山北路三段22號(新設工2樓餐廳)從天祥路80號大同公司後門
749,25.0649955,121.5929739,臺北市內湖區成功路2段115巷47弄18號1F (貨)
750,25.089947,121.707054,基隆市七堵區明德二路7號1樓
751,25.1497217,121.7179691,基隆市中山區中和路176號
752,25.059742,121.51435,臺北市大同區保安街1-15號1樓
753,25.0071082,121.46052,新北市板橋區館前東路26號3樓
754,24.9288019,121.376404,新北市三峽區光明路69巷20號
755,25.1349388,121.7829497,基隆市信義區深溪路的屈臣氏轉角第七攤
756,25.0323218,121.3006577,桃園市桃園區經國路876號
757,25.0509999,121.4699861,新北市三重區中興北街135巷12號
758,24.9906441,121.4266289,新北市板橋區溪北路1之1號
759,25.0579624,121.4987348,新北市三重區正義南路139號
760,24.9526477,121.5400444,新北市新店區新店路27號
761,25.1842968,121.4253825,新北市淡水區沙崙路220號
762,25.0803051,121.4820702,新北市三重區仁愛街664號
763,25.0289542,121.5039581,臺北市萬華區中華路2段364巷24弄18號
764,25.0236187,121.5226106,臺北市中正區汀州路二段211號
765,25.0388195,121.5770803,臺北市信義區松德路47號
766,25.0258099,121.538241,臺北市大安區和平東路2段49之3號
767,25.051226,121.517363,臺北市大同區承德路一段39號
768,25.0687178,121.6227594,新北市汐止區康寧街169巷27號7F之2 (亞鑫)
769,25.013569,121.5349937,臺北市大安區場97-98號攤1樓   水源市場
770,25.0200968,121.5544358,臺北市大安區安居街35巷4號
771,25.0265508,121.4753146,新北市板橋區雙十路2段69巷4號
772,25.1450812,121.7263282,基隆市中山區復興路113號
773,25.1367825,121.546525,臺北市士林區格致路24號
774,24.9391923,121.3352794,新北市鶯歌區中正三路211號1樓(鶯歌高職對面)
775,25.0272214,121.5257834,臺北市大安區金山南路2段230號B1
776,25.0856295,121.5670087,臺北市內湖區內湖路一段285巷68弄9號
777,25.0296554,121.4777912,新北市板橋區文聖街99號
778,25.1751062,121.4428764,新北市淡水區大仁街6巷21號1樓
779,25.1826203,121.423185,新北市淡水區沙崙路116號(店)
780,24.9782854,121.5509597,新北市新店區寶橋路202-2號
781,25.0437539,121.503734,臺北市萬華區康定路25巷26號1樓
782,25.1726832,121.4516279,新北市淡水區學府路136巷28號
783,24.999017,121.5453128,臺北市文山區興隆路1段228號1F
784,24.9882744,121.4295555,新北市板橋區篤行路二段148號(厚野雞排旁)
785,24.9432315,121.3770108,新北市三峽區大德路87號
786,24.9876851,121.5504383,臺北市文山區木柵路一段147號1樓
787,25.0241684,121.5173435,臺北市中正區夏門街96號2樓-2
788,25.0184607,121.4063877,桃園市龜山區萬壽路一段132號1樓
789,25.0437539,121.503734,臺北市萬華區康定路25巷26號1樓
790,25.0581987,121.4916967,新北市三重區光明路52號
791,25.0469217,121.5429365,臺北市中山區八德路二段312巷5號
792,25.0455327,121.614583,臺北市南港區研究院路二段70巷12號(中研區民活動中心市場內43號)
793,25.054082,121.5966882,臺北市南港區南港路二段115號
794,25.054082,121.5966882,臺北市南港區南港路二段115號
795,25.0782457,121.3927909,新北市林口區中原街21號
796,25.0449096,121.5030907,臺北市萬華區峨嵋街28號5樓
797,25.044761,121.5166914,臺北市中正區信陽街5號 B1
798,25.1281237,121.7325564,基隆市安樂區安樂路一段202號2樓
799,25.1730125,121.4509237,新北市淡水區學府路136巷1號
800,25.0449757,121.5161737,臺北市中正區南陽街13號6樓
801,25.0452421,121.5161799,臺北市中正區南陽街7號2樓
802,25.030449,121.4758089,新北市板橋區松柏街59號
803,25.0223229,121.425812,新北市新莊區八德街15巷13號
804,25.1048644,121.5228337,臺北市士林區德行西路62巷4號1樓
805,25.0319673,121.5329513,臺北市大安區新生南路二段28號
806,25.0006761,121.5179255,新北市永和區中正路356號
807,25.1774717,121.4501788,新北市淡水區北新路184巷122號B1
808,25.0379306,121.4489704,"新北市新莊區建中街32巷10號(客人貨需1小件1小件放冰箱,擺放規矩如不清楚請問客人)"
809,24.9990589,121.5077413,新北市中和區景安路6號
810,25.0396295,121.4245148,新北市泰山區明志路三段158號3樓(送貨送148號3樓)
811,24.9719642,121.4372575,新北市土城區中華路2段174號
812,24.9895551,121.5106008,新北市中和區仁愛街1號
813,25.0268674,121.5110258,臺北市中正區汀州路一段264號
814,25.0264546,121.5394705,臺北市大安區瑞安街153號
815,25.0264546,121.5394705,臺北市大安區瑞安街153號
816,25.1774717,121.4501788,新北市淡水區北新路184巷122號B1
817,25.0577053,121.4328618,新北市泰山區福興二街32號 1樓
818,25.0113689,121.2942097,桃園市桃園區寶慶路92號
819,24.9569532,121.3544136,新北市鶯歌區中正一路246號1樓
820,24.985658,121.5464372,臺北市文山區和興路23號
821,25.0268125,121.4165757,新北市新莊區雙鳳路25號1樓
822,25.1380731,121.5461658,臺北市士林區愛富一街1號(陽明山上)從愛富二街入
823,25.1015827,121.7167043,基隆市七堵區大華一路57巷25號1樓(七堵國小左轉崇智橋右轉第二個巷子
824,25.0094251,121.5145407,新北市永和區永和路一段212號2樓
825,25.0209043,121.5542008,臺北市大安區安居街34巷口
826,25.1508044,121.7720621,基隆市中正區祥豐街853號1樓
827,24.9939252,121.5464087,臺北市文山區景興路153巷98號1樓(153巷45號或53號旁)
828,25.0422415,121.5537016,臺北市大安區延吉街70巷5弄6號
829,24.9719974,121.5405308,新北市新店區中正路183巷4號
830,25.1334553,121.5011789,臺北市北投區中央北路1段127號1樓
831,25.0708621,121.6120846,臺北市內湖區康寧路3段165巷14弄10號1樓
832,25.0396492,121.5224536,臺北市中正區林森南路61巷12之2號
833,25.0666347,121.6308442,新北市汐止區中興路224號
834,25.0308098,121.5603944,臺北市信義區吳興街62號1樓
835,25.0199414,121.5330641,臺北市大安區溫州街79號
836,25.028721,121.421047,新北市新莊區中正路664號1樓
837,25.1978107,121.4378385,新北市淡水區新市五路三段282號
838,25.0500741,121.5411458,臺北市中山區朱崙街43號1樓
839,25.0161915,121.4627018,新北市板橋區文化路一段167號
840,25.0240634,121.4233823,新北市新莊區四維路122號1樓
841,25.0708621,121.6120846,臺北市內湖區康寧路3段165巷14弄10號1樓
842,24.9728357,121.5430896,新北市新店區北新路2段82號
843,25.0247188,121.5532025,臺北市信義區基隆路二段195號1樓(有改地址)
844,24.9711581,121.5347284,新北市新店區三民路117巷5弄9號2樓
845,24.971706,121.541759,新北市新店區中正路146-1號1樓
846,25.177524,121.4494698,新北市淡水區北新路182巷3弄28號
847,24.9996977,121.5543734,臺北市文山區辛亥路5段25巷4號1樓
848,24.9818062,121.4574193,新北市土城區清水路117號
849,25.0843029,121.4950862,新北市三重區五華街71巷115號1樓(入口往後走左邊小房間)
850,25.137258,121.542243,臺北市士林區光華路26巷1之1號
851,25.0424129,121.569304,臺北市信義區永吉路30巷157弄13號
852,24.9723587,121.5510173,新北市新店區寶興路61巷11號B1(林園社區)
853,25.0014237,121.5368347,臺北市文山區萬隆街76號
854,25.0716729,121.5094499,臺北市大同區延平北路4段102巷71號2樓
855,25.0195314,121.4258232,新北市新莊區民安西路88巷5弄12號5F(守衛室)
856,25.0388387,121.5765467,臺北市信義區松徳路50號1樓
857,25.1771625,121.4507131,新北市淡水區北新路184巷138號
858,25.1771625,121.4507131,新北市淡水區北新路184巷138號
859,25.0868268,121.5629244,臺北市內湖區文湖街61號
860,25.0038033,121.5161377,新北市永和區秀安街19號4樓
861,24.9922026,121.4296291,新北市板橋區大觀路3段236號6F (近樹林(沙崙街)
862,24.9922026,121.4296291,新北市板橋區大觀路3段236號6F (近樹林(沙崙街)
863,25.0195314,121.4258232,新北市新莊區民安西路88巷5弄12號5F(守衛室)
864,25.0030378,121.5355456,臺北市文山區汀洲路4段134號
865,24.9757297,121.5367899,新北市新店區民族路227號
866,25.0244101,121.5682994,臺北市信義區松仁路240巷20之1號
867,25.1322917,121.7823278,基隆市信義區深溪路52號
868,25.1322917,121.7823278,基隆市信義區深溪路52號
869,25.0269556,121.563012,臺北市信義區吳興街252號(卸貨區在後門284巷口)
870,24.9674866,121.4263103,新北市土城區成功街2-1號
871,24.9782687,121.5330271,新北市新店區中央路26號(停車場內)
872,24.9797114,121.548995,新北市新店區寶中路94號
